{"epoch_loss": 0.1463062600021636, "epoch_accuracy": 0.9969788519637462, "_runtime": 2001, "_timestamp": 1635162045, "_step": 3, "_wandb": {"runtime": 2002}}